
--
-- Volcado de datos para la tabla `groups`
--

INSERT INTO `groups` (`name`, `path`, `created_at`, `updated_at`) VALUES
('ANTILACRAS', NULL, '2020-03-06 08:38:21', '2020-03-06 08:38:21'),
('LOSSOCIEDAD', '1375713944.jpg', '2020-03-06 08:40:56', '2020-03-06 08:40:56'),
('PROYECTO ING SOFTWARE', '77534185.jpg', '2020-03-27 17:41:39', '2020-03-27 17:41:39');

INSERT INTO `country_units` (`namegroup`, `unit`, `country`, `created_at`, `updated_at`) VALUES
('ANTILACRAS', 'UA', 'CHILE', '2020-03-06 08:38:21', '2020-03-27 17:31:35'),
('ANTILACRAS', 'UA', 'CHILE', '2020-03-06 08:38:21', '2020-03-27 17:31:35'),
('ANTILACRAS', 'UC', 'CHILE', '2020-03-06 08:38:21', '2020-03-06 08:38:21'),
('LOSSOCIEDAD', 'UNIVERSIDAD DE PALERMO', 'ARGENTINA', '2020-03-06 08:40:56', '2020-03-06 08:40:56'),
('LOSSOCIEDAD', 'UCH', 'CHILE', '2020-03-06 08:40:56', '2020-03-06 08:40:56'),
('LOSSOCIEDAD', 'UA', 'CHILE', '2020-03-06 08:40:56', '2020-03-27 17:31:35'),
('PROYECTO ING SOFTWARE', 'UCN', 'CHILE', '2020-03-27 17:41:39', '2020-03-27 17:41:39');
--
-- Volcado de datos para la tabla `investigators`
--

INSERT INTO `investigators` (`id`, `name`, `passportnumber`, `state`, `associatedunit`, `created_at`, `updated_at`) VALUES
(1, 'MANUEL ALEJANDRO TRIGO MONTALBÁN', 'aaa123', 'ACTIVO', 'UNIVERSIDAD DE PALERMO', '2020-03-06 09:37:32', '2020-03-13 13:24:58'),
(2, 'NAOMI ALISON ANDREA CHAVEZ OSORIO', '3dfdf333', 'ACTIVO', 'UCN', '2020-03-06 09:38:19', '2020-03-13 13:07:56'),
(3, 'ANA MERCEDES MONTALBAN FLORES', 'numeroxd1', 'ACTIVO', 'UA', '2020-03-06 09:39:16', '2020-03-13 13:26:15'),
(4, 'MANUEL JESUS TRIGO TABORGA', 'aaa123', 'INACTIVO', 'UNIVERSIDAD DE PALERMO', '2020-03-06 09:39:46', '2020-03-06 09:39:46'),
(5, 'CELESTE ROJELIA BLANCO NEGRETE', 'colores123', 'ACTIVO', 'UCN', '2020-03-06 09:41:20', '2020-03-06 09:41:20'),
(6, 'NOELIA ARAYA ROJAS MARTINEZ', '2323ssssdd', 'INACTIVO', 'UNIVERSIDAD DE PALERMO', '2020-03-06 09:44:25', '2020-03-06 09:44:25'),
(7, 'RODRIGO ROBERTO ROJERLIO RODRIGUEZ', 'aaa123', 'ACTIVO', 'UCN', '2020-03-06 10:41:07', '2020-03-06 10:41:07');

--
-- Volcado de datos para la tabla `projects`
--

INSERT INTO `projects` (`name_project`, `code`, `state`, `date_start`, `date_end`, `created_at`, `updated_at`) VALUES
('MARSELO', NULL, 'EN EJECUCION', '06/03/2020', '13/03/2020', '2020-03-06 10:55:53', '2020-03-06 10:55:53'),
('MK ULTRA', '123', 'EN EJECUCION', '28/03/2020', '29/03/2020', '2020-03-27 09:06:20', '2020-03-27 09:06:20'),
('SALADITOS', 'xd123xd', 'FINALIZADO', '06/03/2020', '21/03/2020', '2020-03-06 10:59:13', '2020-03-06 10:59:13');

--
-- Volcado de datos para la tabla `project__invs`
--

INSERT INTO `project__invs` (`id`, `namepro`, `name_inv`, `created_at`, `updated_at`) VALUES
(1, 'MARSELO', 'MANUEL ALEJANDRO TRIGO MONTALBáN', '2020-03-06 10:55:54', '2020-03-06 10:55:54'),
(2, 'MARSELO', 'NAOMI ALISON ANDREA CHAVEZ OSORIO', '2020-03-06 10:55:54', '2020-03-06 10:55:54'),
(3, 'SALADITOS', 'MANUEL ALEJANDRO TRIGO MONTALBáN', '2020-03-06 10:59:13', '2020-03-06 10:59:13'),
(4, 'SALADITOS', 'CELESTE ROJELIA BLANCO NEGRETE', '2020-03-06 10:59:13', '2020-03-06 10:59:13'),
(5, 'SALADITOS', 'RODRIGO ROBERTO ROJERLIO RODRIGUEZ', '2020-03-06 10:59:13', '2020-03-06 10:59:13'),
(6, 'MK ULTRA', 'MANUEL ALEJANDRO TRIGO MONTALBÁN', '2020-03-27 09:06:20', '2020-03-27 09:06:20');

--
-- Volcado de datos para la tabla `publications`
--

INSERT INTO `publications` (`id`, `title`, `title2`, `revact`, `date`, `pubtype`, `subpubtype`, `proy`, `created_at`, `updated_at`) VALUES
(1, 'DONA GIGANTE ENCONTRADA EN MARTESSSS', 'GIANT DONUT FOUND IN MARS', 'ELPERIODICO DE LA CIENCA FALSA', '27/03/2020', 'INDEXADA', 'SCOPUS', 'MARSELO', '2020-03-06 13:21:12', '2020-03-27 07:47:27'),
(2, 'EL MISTERIO DETRáS DE LOS IMANES2', 'AAAAAAA', 'DELICIAS', '06/03/2020', 'INDEXADA', 'OTRO INDICE', 'NULL', '2020-03-06 15:26:34', '2020-03-27 08:11:55'),
(3, 'PLATILLO VOLADOR EN ANTOFAGASTA', '', 'AAA3', '06/03/2020', 'NO INDEXADA', 'CONGRESO', 'NULL', '2020-03-06 15:28:52', '2020-03-06 15:28:52'),
(4, 'VIVIMOS EN UNA SOCIEDAD', NULL, 'MARVEL COMICS', '14/03/2020', 'NO INDEXADA', 'REVISTA', 'MARSELO', '2020-03-06 13:01:08', '2020-03-27 08:12:20');

--
-- Volcado de datos para la tabla `publication_invs`
--

INSERT INTO `publication_invs` (`id`, `title_inv`, `nameinv`, `created_at`, `updated_at`) VALUES
(1, 'VIVIMOS EN UNA SOCIEDAD', 'MANUEL ALEJANDRO TRIGO MONTALBáN', '2020-03-06 13:01:08', '2020-03-06 13:01:08'),
(2, 'VIVIMOS EN UNA SOCIEDAD', 'ANA MERCEDES MONTALBAN FLORES', '2020-03-06 13:01:08', '2020-03-06 13:01:08'),
(3, 'VIVIMOS EN UNA SOCIEDAD', 'RODRIGO ROBERTO ROJERLIO RODRIGUEZ', '2020-03-06 13:01:08', '2020-03-06 13:01:08'),
(4, 'VIVIMOS EN UNA SOCIEDAD', 'RAMON ANDRES SANCHEZ AVILA', '2020-03-06 13:01:08', '2020-03-06 13:01:08'),
(5, 'DONA GIGANTE ENCONTRADA EN MARTESSSS', 'MANUEL ALEJANDRO TRIGO MONTALBáN', '2020-03-06 13:21:12', '2020-03-06 13:21:12'),
(6, 'DONA GIGANTE ENCONTRADA EN MARTESSSS', 'CELESTE ROJELIA BLANCO NEGRETE', '2020-03-06 13:21:12', '2020-03-06 13:21:12'),
(7, 'DONA GIGANTE ENCONTRADA EN MARTESSSS', 'RAMON EUGENIO DIAZ TRIGO', '2020-03-06 13:21:12', '2020-03-06 13:21:12'),
(8, 'DONA GIGANTE ENCONTRADA EN MARTESSSS', 'MARIANO LUIS MAGANA ABRIGO', '2020-03-06 13:21:13', '2020-03-06 13:21:13'),
(9, 'DONA GIGANTE ENCONTRADA EN MARTESSSS', 'LUIS JESUS TRIGO TABORGA', '2020-03-06 13:21:13', '2020-03-06 13:21:13'),
(10, 'EL MISTERIO DETRáS DE LOS IMANES2', 'ANA MERCEDES MONTALBAN FLORES', '2020-03-06 15:26:34', '2020-03-06 15:26:34'),
(11, 'EL MISTERIO DETRáS DE LOS IMANES2', 'AAA AAA AAA AAA', '2020-03-06 15:26:34', '2020-03-06 15:26:34'),
(12, 'EL MISTERIO DETRáS DE LOS IMANES2', 'AAA AAAA AAAA AAAA', '2020-03-06 15:26:34', '2020-03-06 15:26:34'),
(13, 'EL MISTERIO DETRáS DE LOS IMANES2', 'AAA AAA BBB AAA', '2020-03-06 15:26:34', '2020-03-06 15:26:34'),
(14, 'PLATILLO VOLADOR EN ANTOFAGASTA', 'CELESTE ROJELIA BLANCO NEGRETE', '2020-03-06 15:28:52', '2020-03-06 15:28:52'),
(15, 'PLATILLO VOLADOR EN ANTOFAGASTA', 'RODRIGO ROBERTO ROJERLIO RODRIGUEZ', '2020-03-06 15:28:52', '2020-03-06 15:28:52'),
(16, 'PLATILLO VOLADOR EN ANTOFAGASTA', 'AAA AAA AAA AA', '2020-03-06 15:28:52', '2020-03-06 15:28:52'),
(17, 'PLATILLO VOLADOR EN ANTOFAGASTA', 'AAA AAA AAA AAA', '2020-03-06 15:28:52', '2020-03-06 15:28:52'),
(18, 'PLATILLO VOLADOR EN ANTOFAGASTA', 'AAA AAA AAA AAAA', '2020-03-06 15:28:52', '2020-03-06 15:28:52');

--
-- Volcado de datos para la tabla `users`
--

INSERT INTO `users` (`id`, `name`, `user_type`, `email`, `email_verified_at`, `password`, `remember_token`, `created_at`, `updated_at`) VALUES
(1, 'AdminManu', 'ADMINISTRADOR', 'admin1@admin.com', NULL, '$2y$10$ZswpcHsBkCRck4oSLI/Mr.BPPtutnvoU/VFUtEOqoKHatn01TtQv.', NULL, '2020-03-04 12:13:43', '2020-03-04 12:13:43'),
(2, 'Rebecca', 'INVESTIGADOR', 'rebecca1@gmail.com', NULL, '$2y$10$H0563bMj8gYl/XdrcRQexejWuWecgKpUzlHpJd2f3hbninaSWQ6qW', NULL, '2020-03-05 22:38:03', '2020-03-05 22:38:03'),
(10, 'Matias01', 'INVESTIGADOR', 'matiasxd@gmail.com', NULL, '$2y$10$WTL.I6MUikdlxG1LrLyE0uOY8maRZMTh/YwPuzkJ9lcZtabOJ34l2', NULL, '2020-03-06 07:56:40', '2020-03-06 07:56:40');
COMMIT;

/*!40101 SET CHARACTER_SET_CLIENT=@OLD_CHARACTER_SET_CLIENT */;
/*!40101 SET CHARACTER_SET_RESULTS=@OLD_CHARACTER_SET_RESULTS */;
/*!40101 SET COLLATION_CONNECTION=@OLD_COLLATION_CONNECTION */;
